trade_id,direction,entry_time,exit_time,entry_price,exit_price,pnl_pct,pnl_usd,duration_min,max_sl_level,exit_reason,entry_score
1,SHORT,2026-03-08 04:50,2026-03-08 05:20,66626.99,67147.93,-0.7819,-15.64,30.0,L1,EMA new up line (3 bars),12
2,LONG,2026-03-08 05:30,2026-03-08 06:15,67104.01,67088.99,-0.0224,-0.45,45.0,L1,"SL L1 hit (close $67,099.27)",10
3,SHORT,2026-03-08 06:30,2026-03-08 06:50,67048.36,67134.81,-0.1289,-2.58,20.0,L1,EMA new up line (3 bars),9
4,LONG,2026-03-08 07:00,2026-03-08 07:50,67267.47,67273.30,0.0087,0.17,50.0,L1,"SL L1 hit (close $67,264.76)",11
5,LONG,2026-03-08 08:55,2026-03-08 10:00,67539.33,67808.86,0.3991,7.98,65.0,L1,"SL L1 hit (close $67,681.00)",12
6,LONG,2026-03-08 10:45,2026-03-08 11:05,67899.24,67560.15,-0.4994,-9.99,20.0,L1,EMA new down line (4 bars),6
7,SHORT,2026-03-08 11:15,2026-03-08 13:55,67616.85,67234.86,0.5649,11.30,160.0,L1,EMA new up line (2 bars),12
8,LONG,2026-03-08 14:05,2026-03-08 14:45,67306.59,67148.74,-0.2345,-4.69,40.0,L1,"SL L1 hit (close $67,130.90)",8
9,LONG,2026-03-08 15:15,2026-03-08 15:35,67359.75,67156.06,-0.3024,-6.05,20.0,L1,"SL L1 hit (close $67,130.89)",7
10,SHORT,2026-03-08 15:45,2026-03-08 17:05,67195.21,67145.94,0.0733,1.47,80.0,L1,"SL L1 hit (close $67,136.37)",6
11,LONG,2026-03-08 17:15,2026-03-08 17:40,67146.24,67056.08,-0.1343,-2.68,25.0,L1,EMA new down line (3 bars),6
12,SHORT,2026-03-08 17:50,2026-03-08 19:10,67020.71,67015.18,0.0083,0.16,80.0,L1,"SL L1 hit (close $66,954.20)",8
13,LONG,2026-03-09 04:20,2026-03-09 05:00,67373.71,67208.41,-0.2453,-4.91,40.0,L1,"SL L1 hit (close $67,130.14)",8
14,SHORT,2026-03-09 05:10,2026-03-09 05:35,67157.00,67589.77,-0.6444,-12.88,25.0,L1,"SL L1 hit (close $67,587.08)",10
15,LONG,2026-03-09 05:45,2026-03-09 06:20,68033.53,67577.11,-0.6709,-13.41,35.0,L1,EMA new down line (3 bars),16
16,SHORT,2026-03-09 06:30,2026-03-09 07:35,67477.07,67384.22,0.1376,2.75,65.0,L1,"SL L1 hit (close $67,294.84)",10
17,LONG,2026-03-09 07:45,2026-03-09 09:10,67475.18,67833.03,0.5303,10.60,85.0,L1,"SL L1 hit (close $67,656.48)",14
18,LONG,2026-03-09 09:35,2026-03-09 10:05,68294.53,68030.57,-0.3865,-7.73,30.0,L1,EMA new down line (3 bars),16
19,SHORT,2026-03-09 10:15,2026-03-09 11:40,67859.77,67638.12,0.3266,6.53,85.0,L1,"SL L1 hit (close $67,663.28)",11
20,LONG,2026-03-09 11:55,2026-03-09 14:10,67764.98,68839.99,1.5864,31.71,135.0,L4,"SL L4 hit (close $68,760.16)",7
21,SHORT,2026-03-09 15:05,2026-03-09 16:30,68994.68,68703.66,0.4218,8.44,85.0,L1,"SL L1 hit (close $68,961.16)",7
22,SHORT,2026-03-09 18:40,2026-03-09 19:10,68489.13,68400.00,0.1301,2.60,30.0,L1,EMA new up line (2 bars),6
23,LONG,2026-03-10 04:45,2026-03-10 05:40,69960.01,69915.41,-0.0638,-1.28,55.0,L1,"SL L1 hit (close $69,966.85)",11
24,SHORT,2026-03-10 06:05,2026-03-10 06:30,69935.43,70059.19,-0.1770,-3.54,25.0,L1,"SL L1 hit (close $70,142.59)",7
25,SHORT,2026-03-10 06:50,2026-03-10 07:10,69900.08,70240.36,-0.4868,-9.74,20.0,L1,"SL L1 hit (close $70,137.57)",6
26,LONG,2026-03-10 07:20,2026-03-10 08:55,70404.66,70709.37,0.4328,8.65,95.0,L1,"SL L1 hit (close $70,699.99)",13
27,SHORT,2026-03-10 09:10,2026-03-10 09:30,70809.40,71164.59,-0.5016,-10.03,20.0,L1,"SL L1 hit (close $71,228.00)",6
28,SHORT,2026-03-10 10:40,2026-03-10 12:50,70715.89,70568.52,0.2084,4.17,130.0,L1,"SL L1 hit (close $70,503.52)",13
29,LONG,2026-03-10 13:00,2026-03-10 13:35,70599.95,69774.57,-1.1691,-23.38,35.0,L1,"SL L1 hit (close $70,261.99)",7
30,SHORT,2026-03-10 13:45,2026-03-10 14:35,70166.95,70177.38,-0.0149,-0.30,50.0,L1,"SL L1 hit (close $69,965.28)",11
31,LONG,2026-03-10 14:45,2026-03-10 15:45,70643.70,71068.75,0.6017,12.03,60.0,L1,EMA new down line (2 bars),14
32,SHORT,2026-03-10 15:55,2026-03-10 16:30,71346.16,71368.80,-0.0317,-0.63,35.0,L1,EMA new up line (3 bars),6
33,SHORT,2026-03-10 17:35,2026-03-10 19:20,70669.57,70144.25,0.7433,14.86,105.0,L1,"SL L1 hit (close $70,240.20)",13
34,SHORT,2026-03-11 04:00,2026-03-11 04:20,69550.19,69806.00,-0.3678,-7.36,20.0,L1,"SL L1 hit (close $69,729.98)",13
35,LONG,2026-03-11 04:30,2026-03-11 05:20,70006.26,69951.33,-0.0785,-1.57,50.0,L1,"SL L1 hit (close $69,950.90)",14
36,SHORT,2026-03-11 05:30,2026-03-11 06:20,69947.92,69806.98,0.2015,4.03,50.0,L1,"SL L1 hit (close $69,765.55)",6
37,LONG,2026-03-11 06:30,2026-03-11 07:25,69911.79,69791.28,-0.1724,-3.45,55.0,L1,"SL L1 hit (close $69,832.26)",10
38,SHORT,2026-03-11 07:35,2026-03-11 08:05,69541.58,69641.62,-0.1439,-2.88,30.0,L1,"SL L1 hit (close $69,725.01)",14
39,SHORT,2026-03-11 09:35,2026-03-11 09:55,69536.27,69466.75,0.1000,2.00,20.0,L1,EMA new up line (2 bars),8
40,LONG,2026-03-11 10:50,2026-03-11 11:25,69618.10,69447.45,-0.2451,-4.90,35.0,L1,"SL L1 hit (close $69,523.38)",6
41,SHORT,2026-03-11 11:40,2026-03-11 12:25,69446.96,69427.30,0.0283,0.57,45.0,L1,"SL L1 hit (close $69,402.00)",12
42,LONG,2026-03-11 13:10,2026-03-11 13:45,69860.64,70334.58,0.6784,13.57,35.0,L3,"SL L3 hit (close $70,442.00)",13
43,LONG,2026-03-11 14:40,2026-03-11 15:10,70842.71,70147.69,-0.9811,-19.62,30.0,L1,EMA new down line (3 bars),14
44,SHORT,2026-03-11 15:20,2026-03-11 16:00,70405.94,70224.31,0.2580,5.16,40.0,L1,EMA new up line (2 bars),9
45,LONG,2026-03-11 16:10,2026-03-11 17:40,70455.06,70822.08,0.5209,10.42,90.0,L1,"SL L1 hit (close $70,699.99)",9
46,SHORT,2026-03-11 18:30,2026-03-11 18:55,70704.00,70617.64,0.1221,2.44,25.0,L1,EMA new up line (2 bars),7
47,LONG,2026-03-12 04:05,2026-03-12 04:35,69641.64,69427.37,-0.3077,-6.15,30.0,L1,"SL L1 hit (close $69,419.38)",8
48,SHORT,2026-03-12 04:45,2026-03-12 05:40,69395.14,69511.01,-0.1670,-3.34,55.0,L1,"SL L1 hit (close $69,432.76)",7
49,LONG,2026-03-12 06:00,2026-03-12 07:10,69449.62,69495.60,0.0662,1.32,70.0,L1,"SL L1 hit (close $69,431.18)",6
50,LONG,2026-03-12 08:50,2026-03-12 09:20,69886.64,69671.43,-0.3079,-6.16,30.0,L1,"SL L1 hit (close $69,640.06)",6
51,LONG,2026-03-12 09:40,2026-03-12 11:55,70278.40,70427.91,0.2127,4.25,135.0,L1,"SL L1 hit (close $70,419.45)",11
52,SHORT,2026-03-12 12:05,2026-03-12 12:45,70332.00,70594.54,-0.3733,-7.46,40.0,L1,"SL L1 hit (close $70,459.01)",8
53,LONG,2026-03-12 14:10,2026-03-12 14:35,70381.33,69577.62,-1.1419,-22.83,25.0,L1,"SL L1 hit (close $69,783.86)",8
54,LONG,2026-03-12 15:35,2026-03-12 16:10,70549.31,70122.87,-0.6045,-12.08,35.0,L1,"SL L1 hit (close $69,970.94)",14
55,LONG,2026-03-12 16:55,2026-03-12 17:35,70381.16,70386.00,0.0069,0.14,40.0,L1,EMA new down line (2 bars),7
56,SHORT,2026-03-12 18:15,2026-03-12 19:20,70116.36,70080.01,0.0518,1.04,65.0,L1,"SL L1 hit (close $70,078.80)",11
57,LONG,2026-03-13 04:00,2026-03-13 05:15,71380.00,71367.97,-0.0169,-0.34,75.0,L1,"SL L1 hit (close $71,271.83)",7
58,LONG,2026-03-13 05:40,2026-03-13 06:25,71600.01,71241.61,-0.5006,-10.01,45.0,L1,EMA new down line (3 bars),12
59,SHORT,2026-03-13 06:35,2026-03-13 07:05,71293.17,71471.70,-0.2504,-5.00,30.0,L1,"SL L1 hit (close $71,419.82)",9
60,LONG,2026-03-13 07:15,2026-03-13 08:10,71482.42,71471.72,-0.0150,-0.30,55.0,L1,"SL L1 hit (close $71,441.63)",11
61,LONG,2026-03-13 08:40,2026-03-13 09:25,71934.00,71818.07,-0.1612,-3.22,45.0,L1,"SL L1 hit (close $71,713.82)",14
62,LONG,2026-03-13 09:40,2026-03-13 11:10,71875.40,72298.43,0.5886,11.76,90.0,L1,"SL L1 hit (close $72,311.77)",7
63,SHORT,2026-03-13 11:50,2026-03-13 12:15,72286.20,72368.44,-0.1138,-2.27,25.0,L1,EMA new up line (3 bars),7
64,LONG,2026-03-13 12:25,2026-03-13 14:45,72412.15,72765.17,0.4875,9.74,140.0,L3,"SL L3 hit (close $72,946.70)",7
65,SHORT,2026-03-13 14:55,2026-03-13 16:40,72382.72,71830.49,0.7629,15.25,105.0,L2,"SL L2 hit (close $71,852.55)",15
66,LONG,2026-03-13 16:50,2026-03-13 17:30,72054.38,71624.49,-0.5966,-11.93,40.0,L1,"SL L1 hit (close $71,659.82)",10
67,SHORT,2026-03-13 17:40,2026-03-13 18:35,71198.81,71280.39,-0.1146,-2.29,55.0,L1,"SL L1 hit (close $71,274.12)",13
68,SHORT,2026-03-13 18:50,2026-03-13 19:20,71099.75,71186.06,-0.1214,-2.43,30.0,L1,EMA new up line (3 bars),6
69,LONG,2026-03-14 04:05,2026-03-14 04:55,71189.99,71039.58,-0.2113,-4.22,50.0,L1,"SL L1 hit (close $71,088.09)",13
70,SHORT,2026-03-14 05:05,2026-03-14 07:10,71110.08,70706.74,0.5672,11.34,125.0,L1,EMA new up line (2 bars),6
71,LONG,2026-03-14 08:10,2026-03-14 08:45,70697.04,70544.92,-0.2152,-4.30,35.0,L1,"SL L1 hit (close $70,562.00)",7
72,LONG,2026-03-14 09:05,2026-03-14 09:35,70693.13,70618.18,-0.1060,-2.12,30.0,L1,"SL L1 hit (close $70,581.87)",6
73,SHORT,2026-03-14 09:45,2026-03-14 10:50,70448.25,70555.56,-0.1523,-3.04,65.0,L1,"SL L1 hit (close $70,528.33)",12
74,LONG,2026-03-14 11:05,2026-03-14 12:30,70677.81,70725.95,0.0681,1.36,85.0,L1,"SL L1 hit (close $70,713.78)",12
75,LONG,2026-03-14 12:55,2026-03-14 13:50,70780.59,70855.86,0.1063,2.13,55.0,L1,"SL L1 hit (close $70,836.38)",6
76,SHORT,2026-03-14 15:15,2026-03-14 16:10,70706.71,70584.02,0.1735,3.47,55.0,L1,"SL L1 hit (close $70,637.90)",6
77,LONG,2026-03-14 16:50,2026-03-14 17:35,70708.65,70651.02,-0.0815,-1.63,45.0,L1,"SL L1 hit (close $70,639.40)",11
78,SHORT,2026-03-14 18:00,2026-03-14 18:35,70581.67,70640.03,-0.0827,-1.65,35.0,L1,"SL L1 hit (close $70,665.55)",10
79,LONG,2026-03-15 04:05,2026-03-15 05:10,71595.41,71545.29,-0.0700,-1.40,65.0,L1,"SL L1 hit (close $71,499.99)",7
80,LONG,2026-03-15 05:40,2026-03-15 06:00,71643.82,71581.18,-0.0874,-1.75,20.0,L1,"SL L1 hit (close $71,489.68)",7
81,SHORT,2026-03-15 06:30,2026-03-15 07:15,71461.90,71618.44,-0.2191,-4.38,45.0,L1,"SL L1 hit (close $71,612.56)",13
82,SHORT,2026-03-15 07:40,2026-03-15 08:15,71446.96,71642.26,-0.2733,-5.46,35.0,L1,"SL L1 hit (close $71,594.53)",10
83,LONG,2026-03-15 09:00,2026-03-15 09:45,71880.00,71733.00,-0.2045,-4.09,45.0,L1,"SL L1 hit (close $71,758.59)",15
84,SHORT,2026-03-15 10:05,2026-03-15 10:25,71761.47,71862.46,-0.1407,-2.81,20.0,L1,EMA new up line (3 bars),7
85,SHORT,2026-03-15 11:10,2026-03-15 11:50,71700.00,71858.66,-0.2213,-4.42,40.0,L1,"SL L1 hit (close $71,799.83)",13
86,SHORT,2026-03-15 12:10,2026-03-15 13:50,71702.74,71522.68,0.2511,5.02,100.0,L1,EMA new up line (2 bars),9
87,LONG,2026-03-15 14:05,2026-03-15 14:30,71602.71,71457.33,-0.2030,-4.06,25.0,L1,EMA new down line (3 bars),7
88,LONG,2026-03-15 14:50,2026-03-15 15:30,71547.64,71496.15,-0.0720,-1.44,40.0,L1,"SL L1 hit (close $71,472.80)",6
89,SHORT,2026-03-15 16:25,2026-03-15 17:05,71405.70,71507.07,-0.1420,-2.84,40.0,L1,"SL L1 hit (close $71,479.76)",8
90,LONG,2026-03-15 17:15,2026-03-15 18:45,71530.08,71428.12,-0.1425,-2.85,90.0,L1,"SL L1 hit (close $71,692.01)",7
91,LONG,2026-03-16 04:15,2026-03-16 04:45,73816.59,74011.08,0.2635,5.26,30.0,L1,EMA new down line (2 bars),15
92,SHORT,2026-03-16 06:05,2026-03-16 07:05,73718.70,73868.48,-0.2032,-4.06,60.0,L1,"SL L1 hit (close $73,866.54)",7
93,SHORT,2026-03-16 08:35,2026-03-16 09:30,73201.17,73213.34,-0.0166,-0.33,55.0,L1,"SL L1 hit (close $73,278.00)",15
94,LONG,2026-03-16 10:05,2026-03-16 10:40,73362.46,73253.21,-0.1489,-2.98,35.0,L1,"SL L1 hit (close $73,231.80)",9
95,LONG,2026-03-16 10:50,2026-03-16 11:30,73566.82,73589.93,0.0314,0.63,40.0,L1,EMA new down line (2 bars),10
96,LONG,2026-03-16 11:40,2026-03-16 12:00,73626.28,73622.53,-0.0051,-0.10,20.0,L1,EMA new down line (3 bars),10
97,LONG,2026-03-16 12:25,2026-03-16 13:55,73878.04,74109.55,0.3134,6.26,90.0,L1,"SL L1 hit (close $73,892.55)",13
98,SHORT,2026-03-16 14:25,2026-03-16 15:05,73618.49,73584.74,0.0458,0.92,40.0,L1,EMA new up line (2 bars),9
99,LONG,2026-03-16 15:15,2026-03-16 15:45,73792.54,73534.49,-0.3497,-6.99,30.0,L1,"SL L1 hit (close $73,555.01)",7
100,SHORT,2026-03-16 15:55,2026-03-16 16:45,73274.76,73729.37,-0.6204,-12.40,50.0,L1,"SL L1 hit (close $73,657.29)",12
101,LONG,2026-03-16 16:55,2026-03-16 17:35,73760.63,73946.36,0.2518,5.03,40.0,L1,"SL L1 hit (close $73,665.47)",13
102,LONG,2026-03-16 18:05,2026-03-16 18:55,74313.88,73913.60,-0.5386,-10.76,50.0,L1,"SL L1 hit (close $73,999.99)",15
103,SHORT,2026-03-17 04:40,2026-03-17 05:20,74051.38,74320.03,-0.3628,-7.25,40.0,L1,"SL L1 hit (close $74,347.40)",10
104,LONG,2026-03-17 05:30,2026-03-17 05:50,74335.23,74059.19,-0.3713,-7.42,20.0,L1,"SL L1 hit (close $73,872.56)",7
105,SHORT,2026-03-17 06:00,2026-03-17 06:25,73955.03,74212.41,-0.3480,-6.95,25.0,L1,EMA new up line (3 bars),13
106,LONG,2026-03-17 06:35,2026-03-17 06:55,74272.13,74085.45,-0.2513,-5.02,20.0,L1,EMA new down line (3 bars),10
107,LONG,2026-03-17 07:10,2026-03-17 07:55,74324.03,74249.32,-0.1005,-2.01,45.0,L1,"SL L1 hit (close $74,238.84)",10
108,SHORT,2026-03-17 09:00,2026-03-17 09:30,74090.32,74176.27,-0.1160,-2.32,30.0,L1,"SL L1 hit (close $74,311.79)",10
109,SHORT,2026-03-17 10:05,2026-03-17 11:05,73665.19,73929.14,-0.3583,-7.16,60.0,L1,"SL L1 hit (close $73,797.99)",14
110,LONG,2026-03-17 11:20,2026-03-17 12:25,73980.65,73793.90,-0.2524,-5.04,65.0,L1,"SL L1 hit (close $73,927.57)",8
111,LONG,2026-03-17 13:35,2026-03-17 13:55,74036.16,73615.48,-0.5682,-11.35,20.0,L1,"SL L1 hit (close $73,560.00)",10
112,LONG,2026-03-17 14:25,2026-03-17 15:15,73892.18,74240.79,0.4718,9.42,50.0,L1,"SL L1 hit (close $74,121.45)",8
113,SHORT,2026-03-17 15:25,2026-03-17 16:10,74054.35,73972.33,0.1108,2.21,45.0,L1,"SL L1 hit (close $74,088.00)",10
114,LONG,2026-03-17 17:05,2026-03-17 18:30,74201.19,74584.44,0.5165,10.31,85.0,L1,"SL L1 hit (close $74,423.18)",7
115,SHORT,2026-03-18 04:30,2026-03-18 05:15,74224.23,74237.69,-0.0181,-0.36,45.0,L1,"SL L1 hit (close $74,285.28)",13
116,LONG,2026-03-18 06:15,2026-03-18 06:50,74103.49,74084.00,-0.0263,-0.53,35.0,L1,EMA new down line (3 bars),9
117,SHORT,2026-03-18 07:00,2026-03-18 07:55,73944.01,73883.80,0.0814,1.63,55.0,L1,"SL L1 hit (close $73,905.64)",12
118,LONG,2026-03-18 08:10,2026-03-18 09:55,74010.01,74181.08,0.2311,4.62,105.0,L1,"SL L1 hit (close $74,125.39)",7
119,SHORT,2026-03-18 10:45,2026-03-18 13:25,73942.78,72474.59,1.9856,39.66,160.0,L4,"SL L4 hit (close $72,520.66)",13
120,SHORT,2026-03-18 14:05,2026-03-18 15:35,72110.59,71393.28,0.9947,19.88,90.0,L2,"SL L2 hit (close $71,450.02)",9
121,SHORT,2026-03-18 16:25,2026-03-18 16:50,71230.28,71381.99,-0.2130,-4.26,25.0,L1,EMA new up line (3 bars),6
122,LONG,2026-03-18 17:05,2026-03-18 18:25,71261.75,71684.60,0.5934,11.86,80.0,L1,EMA new down line (2 bars),6
123,SHORT,2026-03-18 18:35,2026-03-18 20:30,71585.71,71252.41,0.4656,9.31,115.0,L1,"SL L1 hit (close $70,989.00)",6
124,SHORT,2026-03-19 04:00,2026-03-19 05:50,71131.05,70836.39,0.4142,8.28,110.0,L1,"SL L1 hit (close $70,827.98)",12
125,SHORT,2026-03-19 06:35,2026-03-19 07:40,70704.00,70096.95,0.8586,17.16,65.0,L2,"SL L2 hit (close $70,180.62)",8
126,SHORT,2026-03-19 08:30,2026-03-19 09:10,70053.75,70042.14,0.0166,0.33,40.0,L1,EMA new up line (2 bars),7
127,LONG,2026-03-19 09:40,2026-03-19 10:35,70457.54,70237.11,-0.3129,-6.25,55.0,L1,"SL L1 hit (close $70,318.00)",12
128,SHORT,2026-03-19 10:45,2026-03-19 11:30,70267.97,70138.69,0.1840,3.68,45.0,L1,EMA new up line (2 bars),8
129,SHORT,2026-03-19 12:45,2026-03-19 13:45,69516.01,69870.70,-0.5102,-10.20,60.0,L1,"SL L1 hit (close $69,717.19)",14
130,SHORT,2026-03-19 14:15,2026-03-19 14:55,69422.35,69482.25,-0.0863,-1.72,40.0,L1,"SL L1 hit (close $69,493.62)",9
131,LONG,2026-03-19 15:05,2026-03-19 15:30,69712.42,69228.44,-0.6943,-13.88,25.0,L1,"SL L1 hit (close $69,206.82)",12
132,SHORT,2026-03-19 15:45,2026-03-19 16:05,69225.96,69267.33,-0.0598,-1.19,20.0,L1,EMA new up line (3 bars),10
133,LONG,2026-03-19 17:20,2026-03-19 18:30,69622.13,69655.14,0.0474,0.95,70.0,L1,"SL L1 hit (close $69,655.21)",9
134,LONG,2026-03-20 04:00,2026-03-20 04:35,70758.22,70605.08,-0.2164,-4.33,35.0,L1,"SL L1 hit (close $70,649.60)",13
135,SHORT,2026-03-20 04:45,2026-03-20 05:05,70744.98,70847.04,-0.1443,-2.88,20.0,L1,EMA new up line (4 bars),6
136,LONG,2026-03-20 05:15,2026-03-20 05:35,70815.99,70663.60,-0.2152,-4.30,20.0,L1,"SL L1 hit (close $70,602.53)",8
137,SHORT,2026-03-20 06:10,2026-03-20 07:00,70536.07,70304.79,0.3279,6.55,50.0,L1,EMA new up line (2 bars),13
138,LONG,2026-03-20 07:30,2026-03-20 08:50,70637.81,71102.43,0.6577,13.15,80.0,L1,EMA new down line (2 bars),9
139,SHORT,2026-03-20 09:00,2026-03-20 10:40,71003.77,70533.48,0.6623,13.24,100.0,L1,"SL L1 hit (close $70,567.19)",9
140,LONG,2026-03-20 10:55,2026-03-20 11:40,70611.68,70395.29,-0.3065,-6.13,45.0,L1,"SL L1 hit (close $70,338.69)",8
141,SHORT,2026-03-20 11:50,2026-03-20 12:10,70411.11,70572.99,-0.2299,-4.60,20.0,L1,"SL L1 hit (close $70,667.85)",10
142,LONG,2026-03-20 12:20,2026-03-20 12:40,70580.45,70359.52,-0.3130,-6.26,20.0,L1,"SL L1 hit (close $70,381.90)",7
143,SHORT,2026-03-20 12:50,2026-03-20 13:25,70314.60,70495.62,-0.2574,-5.15,35.0,L1,"SL L1 hit (close $70,512.46)",14
144,SHORT,2026-03-20 13:35,2026-03-20 14:35,70038.32,70200.00,-0.2308,-4.61,60.0,L1,"SL L1 hit (close $70,176.18)",10
145,SHORT,2026-03-20 14:50,2026-03-20 15:35,69664.66,69924.76,-0.3734,-7.46,45.0,L1,"SL L1 hit (close $69,921.28)",10
146,LONG,2026-03-20 15:50,2026-03-20 16:35,69885.00,69751.78,-0.1906,-3.81,45.0,L1,"SL L1 hit (close $69,862.43)",7
147,SHORT,2026-03-20 16:50,2026-03-20 17:55,69757.54,70000.00,-0.3476,-6.95,65.0,L1,"SL L1 hit (close $69,794.54)",9
148,LONG,2026-03-20 18:10,2026-03-20 18:30,69973.05,69691.88,-0.4018,-8.03,20.0,L1,"SL L1 hit (close $69,666.79)",9
149,LONG,2026-03-21 04:25,2026-03-21 04:45,70746.99,70634.00,-0.1597,-3.19,20.0,L1,"SL L1 hit (close $70,645.66)",11
150,SHORT,2026-03-21 05:10,2026-03-21 05:30,70637.45,70732.02,-0.1339,-2.68,20.0,L1,EMA new up line (3 bars),10
151,LONG,2026-03-21 05:45,2026-03-21 06:05,70741.41,70728.59,-0.0181,-0.36,20.0,L1,EMA new down line (3 bars),8
152,SHORT,2026-03-21 07:40,2026-03-21 09:05,70755.78,70706.19,0.0701,1.40,85.0,L1,"SL L1 hit (close $70,679.77)",6
153,LONG,2026-03-21 09:15,2026-03-21 09:35,70661.19,70680.48,0.0273,0.55,20.0,L1,EMA new down line (3 bars),6
154,SHORT,2026-03-21 10:30,2026-03-21 11:10,70600.60,70572.63,0.0396,0.79,40.0,L1,EMA new up line (3 bars),7
155,LONG,2026-03-21 12:10,2026-03-21 12:55,70730.00,70722.61,-0.0104,-0.21,45.0,L1,"SL L1 hit (close $70,714.55)",12
156,LONG,2026-03-21 14:20,2026-03-21 14:50,70955.29,70693.49,-0.3690,-7.37,30.0,L1,"SL L1 hit (close $70,797.12)",11
157,SHORT,2026-03-21 15:00,2026-03-21 15:35,70640.70,70629.11,0.0164,0.33,35.0,L1,"SL L1 hit (close $70,760.00)",11
158,SHORT,2026-03-21 16:15,2026-03-21 17:30,70507.56,70399.23,0.1536,3.07,75.0,L1,EMA new up line (2 bars),13
159,SHORT,2026-03-21 17:55,2026-03-21 18:20,70304.08,70401.42,-0.1385,-2.77,25.0,L1,EMA new up line (3 bars),6
160,LONG,2026-03-21 18:30,2026-03-21 19:35,70449.23,70330.80,-0.1681,-3.36,65.0,L1,"SL L1 hit (close $70,368.37)",10
161,SHORT,2026-03-22 05:35,2026-03-22 06:30,69184.08,69174.62,0.0137,0.27,55.0,L1,"SL L1 hit (close $69,236.29)",10
162,SHORT,2026-03-22 07:55,2026-03-22 09:10,68919.38,68873.38,0.0667,1.33,75.0,L1,"SL L1 hit (close $68,857.61)",13
163,LONG,2026-03-22 09:45,2026-03-22 10:20,68792.88,68735.00,-0.0841,-1.68,35.0,L1,"SL L1 hit (close $68,705.74)",6
164,SHORT,2026-03-22 10:30,2026-03-22 12:20,68691.44,68636.80,0.0795,1.59,110.0,L1,"SL L1 hit (close $68,502.42)",9
165,LONG,2026-03-22 12:30,2026-03-22 13:35,68640.98,68653.28,0.0179,0.36,65.0,L1,"SL L1 hit (close $68,692.69)",11
166,SHORT,2026-03-22 13:45,2026-03-22 14:15,68664.17,68753.50,-0.1301,-2.60,30.0,L1,"SL L1 hit (close $68,780.00)",7
167,LONG,2026-03-22 14:25,2026-03-22 15:00,68839.99,68790.06,-0.0725,-1.45,35.0,L1,EMA new down line (3 bars),7
168,LONG,2026-03-22 15:10,2026-03-22 15:40,68904.24,68803.10,-0.1468,-2.93,30.0,L1,"SL L1 hit (close $68,745.04)",9
169,SHORT,2026-03-22 15:50,2026-03-22 16:50,68812.75,68829.26,-0.0240,-0.48,60.0,L1,"SL L1 hit (close $68,808.28)",6
170,LONG,2026-03-22 17:10,2026-03-22 17:40,68823.98,68671.02,-0.2222,-4.44,30.0,L1,"SL L1 hit (close $68,697.33)",6
171,SHORT,2026-03-22 18:00,2026-03-22 19:00,68642.95,68467.80,0.2552,5.10,60.0,L1,"SL L1 hit (close $68,618.58)",14
172,SHORT,2026-03-23 04:00,2026-03-23 04:20,68124.99,68164.32,-0.0577,-1.15,20.0,L1,EMA new up line (3 bars),9
173,LONG,2026-03-23 04:30,2026-03-23 05:50,68279.25,68759.42,0.7032,14.05,80.0,L1,EMA new down line (2 bars),8
174,SHORT,2026-03-23 06:10,2026-03-23 07:20,68610.80,67759.26,1.2411,24.80,70.0,L1,EMA new up line (2 bars),6
175,LONG,2026-03-23 08:35,2026-03-23 09:00,68519.99,68304.92,-0.3139,-6.27,25.0,L1,EMA new down line (3 bars),10
176,SHORT,2026-03-23 09:10,2026-03-23 10:00,68283.02,68448.00,-0.2416,-4.83,50.0,L1,"SL L1 hit (close $68,334.01)",9
177,LONG,2026-03-23 10:10,2026-03-23 10:40,68602.78,68418.68,-0.2684,-5.36,30.0,L1,"SL L1 hit (close $68,330.75)",12
178,LONG,2026-03-23 11:15,2026-03-23 12:00,70723.16,69918.02,-1.1384,-22.75,45.0,L1,"SL L1 hit (close $70,122.15)",13
179,LONG,2026-03-23 12:20,2026-03-23 14:30,70335.42,71238.95,1.2846,25.66,130.0,L3,"SL L3 hit (close $71,353.19)",6
180,LONG,2026-03-23 15:00,2026-03-23 15:25,71557.50,70900.13,-0.9187,-18.36,25.0,L1,"SL L1 hit (close $71,020.02)",6
181,SHORT,2026-03-23 15:35,2026-03-23 16:50,70793.61,70594.00,0.2820,5.63,75.0,L1,"SL L1 hit (close $70,649.16)",13
182,LONG,2026-03-23 17:05,2026-03-23 17:30,70628.85,70888.57,0.3677,7.35,25.0,L1,EMA new down line (3 bars),11
183,LONG,2026-03-23 17:40,2026-03-23 18:30,70886.86,71074.92,0.2653,5.30,50.0,L1,"SL L1 hit (close $70,882.70)",12
184,LONG,2026-03-23 18:55,2026-03-23 19:20,71076.22,71061.07,-0.0213,-0.43,25.0,L1,EMA new down line (3 bars),9
185,LONG,2026-03-24 04:10,2026-03-24 04:35,70636.56,70358.25,-0.3940,-7.87,25.0,L1,"SL L1 hit (close $70,385.64)",13
186,SHORT,2026-03-24 04:45,2026-03-24 05:45,70300.01,70299.45,0.0008,0.02,60.0,L1,"SL L1 hit (close $70,326.12)",12
187,LONG,2026-03-24 06:05,2026-03-24 08:20,70363.76,70916.17,0.7851,15.69,135.0,L2,"SL L2 hit (close $70,944.01)",9
188,SHORT,2026-03-24 08:30,2026-03-24 09:40,70945.19,71242.70,-0.4194,-8.38,70.0,L1,"SL L1 hit (close $71,083.18)",7
189,SHORT,2026-03-24 10:20,2026-03-24 10:45,71185.48,71178.02,0.0105,0.21,25.0,L1,EMA new up line (2 bars),6
190,LONG,2026-03-24 11:35,2026-03-24 12:05,71231.51,71049.67,-0.2553,-5.10,30.0,L1,"SL L1 hit (close $71,015.34)",7
191,SHORT,2026-03-24 12:35,2026-03-24 15:10,70911.11,69966.00,1.3328,26.63,155.0,L2,EMA new up line (2 bars),12
192,LONG,2026-03-24 15:20,2026-03-24 16:00,70213.07,69830.94,-0.5442,-10.88,40.0,L1,"SL L1 hit (close $69,873.04)",9
193,SHORT,2026-03-24 17:35,2026-03-24 18:10,69268.11,69366.35,-0.1418,-2.83,35.0,L1,EMA new up line (3 bars),12
194,LONG,2026-03-24 18:20,2026-03-24 19:35,69448.72,69431.13,-0.0253,-0.51,75.0,L1,"SL L1 hit (close $69,408.33)",10
195,LONG,2026-03-25 04:10,2026-03-25 04:45,70850.39,70749.48,-0.1424,-2.85,35.0,L1,EMA new down line (3 bars),11
196,LONG,2026-03-25 05:00,2026-03-25 06:05,70982.88,71029.97,0.0663,1.33,65.0,L1,"SL L1 hit (close $71,067.15)",11
197,LONG,2026-03-25 06:20,2026-03-25 06:55,71199.04,70991.83,-0.2910,-5.82,35.0,L1,"SL L1 hit (close $71,144.44)",6
198,SHORT,2026-03-25 07:05,2026-03-25 07:35,71028.40,71213.98,-0.2613,-5.22,30.0,L1,"SL L1 hit (close $71,178.91)",7
199,SHORT,2026-03-25 08:10,2026-03-25 08:30,70811.41,71494.94,-0.9653,-19.29,20.0,L1,"SL L1 hit (close $71,192.19)",14
200,LONG,2026-03-25 08:40,2026-03-25 09:05,71478.32,71365.43,-0.1579,-3.16,25.0,L1,EMA new down line (3 bars),13
201,LONG,2026-03-25 09:15,2026-03-25 09:35,71319.22,71297.22,-0.0308,-0.62,20.0,L1,EMA new down line (3 bars),9
202,LONG,2026-03-25 10:05,2026-03-25 10:40,71396.05,71436.31,0.0564,1.13,35.0,L1,EMA new down line (2 bars),10
203,LONG,2026-03-25 11:05,2026-03-25 11:50,71535.24,71628.87,0.1309,2.61,45.0,L1,"SL L1 hit (close $71,591.03)",13
204,LONG,2026-03-25 12:05,2026-03-25 12:25,71816.08,71341.68,-0.6606,-13.20,20.0,L1,"SL L1 hit (close $71,225.61)",6
205,SHORT,2026-03-25 12:45,2026-03-25 13:05,71324.66,71669.48,-0.4835,-9.66,20.0,L1,"SL L1 hit (close $71,734.08)",13
206,LONG,2026-03-25 13:15,2026-03-25 14:00,71650.42,71484.37,-0.2318,-4.63,45.0,L1,"SL L1 hit (close $71,581.42)",10
207,SHORT,2026-03-25 14:10,2026-03-25 16:10,71392.91,70874.45,0.7262,14.50,120.0,L1,"SL L1 hit (close $70,973.82)",11
208,LONG,2026-03-25 16:55,2026-03-25 17:15,71324.01,71026.32,-0.4174,-8.34,20.0,L1,EMA new down line (4 bars),8
209,SHORT,2026-03-25 17:35,2026-03-25 18:20,70888.51,71091.99,-0.2870,-5.73,45.0,L1,"SL L1 hit (close $70,991.45)",13
210,SHORT,2026-03-25 18:40,2026-03-25 19:25,70848.76,70970.65,-0.1720,-3.44,45.0,L1,"SL L1 hit (close $70,970.11)",6
211,LONG,2026-03-26 04:45,2026-03-26 05:05,70872.38,70555.83,-0.4466,-8.92,20.0,L1,EMA new down line (3 bars),6
212,SHORT,2026-03-26 05:15,2026-03-26 06:55,70569.21,70097.18,0.6689,13.36,100.0,L1,"SL L1 hit (close $70,113.00)",13
213,SHORT,2026-03-26 07:15,2026-03-26 07:50,70020.00,70160.81,-0.2011,-4.02,35.0,L1,"SL L1 hit (close $70,085.83)",6
214,LONG,2026-03-26 08:00,2026-03-26 08:20,70062.00,69874.53,-0.2676,-5.34,20.0,L1,"SL L1 hit (close $69,884.04)",6
215,SHORT,2026-03-26 08:30,2026-03-26 08:55,69872.31,70024.77,-0.2182,-4.36,25.0,L1,EMA new up line (3 bars),11
216,LONG,2026-03-26 09:05,2026-03-26 09:35,70077.00,69453.21,-0.8901,-17.78,30.0,L1,"SL L1 hit (close $69,469.15)",9
217,SHORT,2026-03-26 10:10,2026-03-26 10:30,69579.23,69618.89,-0.0570,-1.14,20.0,L1,EMA new up line (3 bars),9
218,SHORT,2026-03-26 10:55,2026-03-26 12:30,69517.68,69322.43,0.2809,5.61,95.0,L1,"SL L1 hit (close $69,420.65)",6
219,LONG,2026-03-26 13:15,2026-03-26 13:35,69475.01,69317.01,-0.2274,-4.54,20.0,L1,"SL L1 hit (close $69,254.38)",8
220,LONG,2026-03-26 13:45,2026-03-26 14:20,69647.70,69545.13,-0.1473,-2.94,35.0,L1,"SL L1 hit (close $69,477.22)",11
221,SHORT,2026-03-26 14:45,2026-03-26 15:55,69437.28,69082.64,0.5107,10.20,70.0,L1,"SL L1 hit (close $69,198.37)",7
222,SHORT,2026-03-26 16:25,2026-03-26 17:05,68888.01,69006.70,-0.1723,-3.44,40.0,L1,"SL L1 hit (close $69,007.61)",8
223,SHORT,2026-03-26 17:45,2026-03-26 18:55,68714.46,68497.25,0.3161,6.31,70.0,L1,"SL L1 hit (close $68,469.46)",9
224,SHORT,2026-03-27 04:00,2026-03-27 04:40,68543.87,68591.86,-0.0700,-1.40,40.0,L1,"SL L1 hit (close $68,606.00)",13
225,LONG,2026-03-27 04:50,2026-03-27 05:30,68596.55,68578.89,-0.0257,-0.51,40.0,L1,"SL L1 hit (close $68,599.39)",6
226,LONG,2026-03-27 06:35,2026-03-27 06:55,68744.26,68656.15,-0.1282,-2.56,20.0,L1,EMA new down line (4 bars),8
227,SHORT,2026-03-27 07:05,2026-03-27 07:25,68612.52,68924.84,-0.4552,-9.09,20.0,L1,"SL L1 hit (close $68,882.88)",12
228,SHORT,2026-03-27 07:40,2026-03-27 09:30,68602.44,67788.76,1.1861,23.68,110.0,L2,"SL L2 hit (close $67,936.31)",12
229,LONG,2026-03-27 09:50,2026-03-27 10:10,67842.36,67670.68,-0.2531,-5.05,20.0,L1,EMA new down line (3 bars),6
230,SHORT,2026-03-27 11:25,2026-03-27 11:50,66712.91,66743.16,-0.0453,-0.91,25.0,L1,EMA new up line (3 bars),11
231,SHORT,2026-03-27 12:00,2026-03-27 12:45,66644.09,66488.84,0.2330,4.65,45.0,L1,EMA new up line (2 bars),7
232,LONG,2026-03-27 13:25,2026-03-27 13:45,66697.80,66422.51,-0.4127,-8.24,20.0,L1,EMA new down line (3 bars),6
233,SHORT,2026-03-27 13:55,2026-03-27 15:00,66188.32,66229.20,-0.0618,-1.23,65.0,L1,"SL L1 hit (close $66,205.06)",13
234,LONG,2026-03-27 15:10,2026-03-27 15:55,66243.15,66112.82,-0.1967,-3.93,45.0,L1,"SL L1 hit (close $66,212.42)",8
235,SHORT,2026-03-27 16:05,2026-03-27 16:50,65836.81,65957.13,-0.1828,-3.65,45.0,L1,"SL L1 hit (close $66,055.93)",14
236,SHORT,2026-03-27 17:25,2026-03-27 18:20,65865.10,65599.99,0.4025,8.04,55.0,L1,"SL L1 hit (close $65,800.01)",6
237,LONG,2026-03-27 18:50,2026-03-27 19:15,65850.71,65917.65,0.1017,2.03,25.0,L1,EMA new down line (3 bars),7
238,LONG,2026-03-28 04:00,2026-03-28 05:05,66230.56,66221.00,-0.0144,-0.29,65.0,L1,"SL L1 hit (close $66,233.41)",9
239,LONG,2026-03-28 05:30,2026-03-28 06:50,66362.00,66387.11,0.0378,0.76,80.0,L1,"SL L1 hit (close $66,365.36)",9
240,LONG,2026-03-28 07:15,2026-03-28 07:45,66472.31,66483.67,0.0171,0.34,30.0,L1,EMA new down line (2 bars),7
241,SHORT,2026-03-28 08:45,2026-03-28 10:05,66457.50,66383.63,0.1112,2.22,80.0,L1,"SL L1 hit (close $66,379.83)",6
242,SHORT,2026-03-28 10:20,2026-03-28 11:05,66254.31,66250.01,0.0065,0.13,45.0,L1,EMA new up line (2 bars),11
243,LONG,2026-03-28 11:15,2026-03-28 12:40,66240.86,66368.24,0.1923,3.84,85.0,L1,"SL L1 hit (close $66,344.83)",6
244,LONG,2026-03-28 12:50,2026-03-28 14:40,66436.88,66887.50,0.6783,13.54,110.0,L1,EMA new down line (2 bars),8
245,LONG,2026-03-28 15:15,2026-03-28 16:40,67031.64,66899.41,-0.1973,-3.94,85.0,L1,"SL L1 hit (close $66,944.00)",8
246,SHORT,2026-03-28 16:50,2026-03-28 18:05,66869.76,66924.00,-0.0811,-1.62,75.0,L1,"SL L1 hit (close $66,921.04)",11
247,LONG,2026-03-28 18:15,2026-03-28 18:40,66912.02,66949.34,0.0558,1.11,25.0,L1,EMA new down line (3 bars),8
248,SHORT,2026-03-29 04:40,2026-03-29 05:55,66800.88,66771.94,0.0433,0.87,75.0,L1,"SL L1 hit (close $66,788.50)",8
249,LONG,2026-03-29 06:05,2026-03-29 06:35,66839.80,66682.67,-0.2351,-4.69,30.0,L1,EMA new down line (3 bars),11
250,SHORT,2026-03-29 06:45,2026-03-29 07:25,66692.41,66681.41,0.0165,0.33,40.0,L1,"SL L1 hit (close $66,688.32)",8
251,SHORT,2026-03-29 07:35,2026-03-29 08:00,66630.12,66681.31,-0.0768,-1.53,25.0,L1,EMA new up line (3 bars),7
252,SHORT,2026-03-29 09:40,2026-03-29 10:00,66581.57,66550.74,0.0463,0.92,20.0,L1,EMA new up line (2 bars),12
253,LONG,2026-03-29 10:45,2026-03-29 12:05,66552.54,66781.33,0.3438,6.87,80.0,L1,EMA new down line (2 bars),6
254,SHORT,2026-03-29 12:30,2026-03-29 12:55,66722.67,66849.88,-0.1907,-3.81,25.0,L1,"SL L1 hit (close $66,860.47)",10
255,SHORT,2026-03-29 13:10,2026-03-29 14:15,66606.37,66617.14,-0.0162,-0.32,65.0,L1,"SL L1 hit (close $66,672.92)",10
256,SHORT,2026-03-29 14:45,2026-03-29 15:10,66551.24,66597.30,-0.0692,-1.38,25.0,L1,EMA new up line (3 bars),10
257,SHORT,2026-03-29 15:30,2026-03-29 16:20,66413.04,66604.58,-0.2884,-5.76,50.0,L1,"SL L1 hit (close $66,632.30)",12
258,SHORT,2026-03-29 16:50,2026-03-29 17:45,66493.08,66376.79,0.1749,3.49,55.0,L1,"SL L1 hit (close $66,392.26)",6
259,LONG,2026-03-29 17:55,2026-03-29 19:05,66385.84,66412.24,0.0398,0.79,70.0,L1,EMA new down line (2 bars),6
260,LONG,2026-03-30 04:40,2026-03-30 05:40,67419.76,67500.01,0.1190,2.38,60.0,L1,"SL L1 hit (close $67,549.70)",8
261,SHORT,2026-03-30 05:50,2026-03-30 07:10,67527.50,67383.02,0.2140,4.27,80.0,L1,"SL L1 hit (close $67,399.04)",7
262,SHORT,2026-03-30 07:40,2026-03-30 08:00,67318.24,67778.82,-0.6842,-13.66,20.0,L1,"SL L1 hit (close $67,624.39)",6
263,LONG,2026-03-30 08:10,2026-03-30 09:00,67893.92,67616.93,-0.4080,-8.15,50.0,L1,"SL L1 hit (close $67,666.44)",14
264,SHORT,2026-03-30 09:25,2026-03-30 10:50,67518.37,67497.99,0.0302,0.60,85.0,L1,"SL L1 hit (close $67,476.34)",13
265,LONG,2026-03-30 11:10,2026-03-30 13:35,67585.96,67880.99,0.4365,8.72,145.0,L1,EMA new down line (2 bars),12
266,SHORT,2026-03-30 13:45,2026-03-30 14:55,67627.43,67799.54,-0.2545,-5.08,70.0,L1,"SL L1 hit (close $67,529.51)",12
267,LONG,2026-03-30 15:05,2026-03-30 15:25,67608.50,67522.80,-0.1268,-2.53,20.0,L1,EMA new down line (3 bars),9
268,LONG,2026-03-30 15:35,2026-03-30 16:05,67818.96,67432.15,-0.5704,-11.39,30.0,L1,"SL L1 hit (close $67,426.25)",12
269,SHORT,2026-03-30 16:20,2026-03-30 19:50,67340.22,66518.01,1.2210,24.38,210.0,L2,"SL L2 hit (close $66,453.44)",13
270,SHORT,2026-03-31 04:05,2026-03-31 04:25,67666.15,67599.83,0.0980,1.96,20.0,L1,EMA new up line (2 bars),6
271,SHORT,2026-03-31 05:15,2026-03-31 05:35,67468.11,67699.68,-0.3432,-6.85,20.0,L1,"SL L1 hit (close $67,682.96)",10
272,LONG,2026-03-31 06:05,2026-03-31 06:25,67546.38,67410.70,-0.2009,-4.01,20.0,L1,EMA new down line (4 bars),9
273,LONG,2026-03-31 07:00,2026-03-31 07:20,67507.99,67138.63,-0.5471,-10.93,20.0,L1,"SL L1 hit (close $67,143.70)",7
274,LONG,2026-03-31 07:45,2026-03-31 08:25,67396.98,67310.57,-0.1282,-2.56,40.0,L1,EMA new down line (3 bars),7
275,SHORT,2026-03-31 08:35,2026-03-31 10:25,67044.12,66388.82,0.9774,19.51,110.0,L1,"SL L1 hit (close $66,430.01)",14
276,LONG,2026-03-31 10:50,2026-03-31 11:55,66433.79,66685.69,0.3792,7.57,65.0,L1,EMA new down line (2 bars),6
277,SHORT,2026-03-31 12:55,2026-03-31 13:20,66653.26,66813.35,-0.2402,-4.80,25.0,L1,EMA new up line (3 bars),7
278,LONG,2026-03-31 13:30,2026-03-31 14:40,66890.20,67222.48,0.4968,9.92,70.0,L1,"SL L1 hit (close $67,338.13)",11
279,SHORT,2026-03-31 14:50,2026-03-31 15:25,66590.02,66955.99,-0.5496,-10.98,35.0,L1,EMA new up line (3 bars),14
280,SHORT,2026-03-31 15:35,2026-03-31 16:20,67030.88,67185.11,-0.2301,-4.59,45.0,L1,"SL L1 hit (close $67,009.70)",6
281,LONG,2026-03-31 16:40,2026-03-31 17:40,67776.04,67712.83,-0.0933,-1.86,60.0,L1,"SL L1 hit (close $67,763.39)",16
282,SHORT,2026-03-31 17:50,2026-03-31 18:20,67618.91,67730.94,-0.1657,-3.31,30.0,L1,EMA new up line (3 bars),9
283,LONG,2026-04-01 04:45,2026-04-01 07:20,68289.47,68887.32,0.8755,17.48,155.0,L2,"SL L2 hit (close $69,004.44)",12
284,SHORT,2026-04-01 07:40,2026-04-01 08:30,68892.97,68741.36,0.2201,4.40,50.0,L1,"SL L1 hit (close $68,740.69)",9
285,SHORT,2026-04-01 08:50,2026-04-01 09:50,68636.69,68651.62,-0.0218,-0.43,60.0,L1,"SL L1 hit (close $68,590.29)",10
286,SHORT,2026-04-01 10:10,2026-04-01 10:50,68509.26,68595.36,-0.1257,-2.51,40.0,L1,"SL L1 hit (close $68,583.01)",6
287,LONG,2026-04-01 12:00,2026-04-01 12:30,68504.85,68415.75,-0.1301,-2.60,30.0,L1,"SL L1 hit (close $68,524.53)",6
288,LONG,2026-04-01 13:25,2026-04-01 13:45,68555.87,68017.49,-0.7853,-15.68,20.0,L1,"SL L1 hit (close $68,114.95)",6
289,SHORT,2026-04-01 14:00,2026-04-01 14:25,68234.52,68517.23,-0.4143,-8.27,25.0,L1,EMA new up line (3 bars),10
290,LONG,2026-04-01 15:00,2026-04-01 16:15,68596.68,68747.85,0.2204,4.40,75.0,L1,"SL L1 hit (close $68,671.85)",11
291,LONG,2026-04-01 18:45,2026-04-01 19:15,68181.98,68100.00,-0.1202,-2.40,30.0,L1,"SL L1 hit (close $68,061.59)",6
292,SHORT,2026-04-02 04:15,2026-04-02 05:05,66549.58,66350.00,0.2999,5.99,50.0,L1,"SL L1 hit (close $66,432.31)",6
293,LONG,2026-04-02 05:40,2026-04-02 06:40,66580.15,66549.90,-0.0454,-0.91,60.0,L1,"SL L1 hit (close $66,577.02)",10
294,LONG,2026-04-02 06:55,2026-04-02 08:10,66681.49,66784.04,0.1538,3.07,75.0,L1,"SL L1 hit (close $66,774.22)",8
295,SHORT,2026-04-02 08:20,2026-04-02 09:35,66643.76,66458.91,0.2774,5.54,75.0,L1,EMA new up line (2 bars),11
296,SHORT,2026-04-02 09:45,2026-04-02 10:35,66401.82,66384.16,0.0266,0.53,50.0,L1,"SL L1 hit (close $66,439.45)",9
297,SHORT,2026-04-02 11:10,2026-04-02 11:30,66300.00,66381.64,-0.1231,-2.46,20.0,L1,EMA new up line (3 bars),6
298,SHORT,2026-04-02 11:40,2026-04-02 12:45,66340.00,66162.75,0.2672,5.34,65.0,L1,"SL L1 hit (close $66,224.34)",9
299,SHORT,2026-04-02 13:10,2026-04-02 13:55,66008.51,66270.87,-0.3975,-7.94,45.0,L1,"SL L1 hit (close $66,138.09)",11
300,LONG,2026-04-02 14:05,2026-04-02 15:55,66365.09,66852.91,0.7351,14.68,110.0,L1,EMA new down line (2 bars),12
301,SHORT,2026-04-02 17:35,2026-04-02 18:50,67005.99,67000.37,0.0084,0.17,75.0,L1,"SL L1 hit (close $66,860.65)",8
302,SHORT,2026-04-03 04:25,2026-04-03 04:55,66550.00,66602.66,-0.0791,-1.58,30.0,L1,EMA new up line (3 bars),6
303,LONG,2026-04-03 05:05,2026-04-03 05:25,66667.00,66583.79,-0.1248,-2.49,20.0,L1,"SL L1 hit (close $66,478.89)",11
304,LONG,2026-04-03 05:35,2026-04-03 06:05,66719.17,66591.88,-0.1908,-3.81,30.0,L1,EMA new down line (3 bars),8
305,LONG,2026-04-03 07:10,2026-04-03 08:30,66818.36,67105.85,0.4303,8.59,80.0,L1,"SL L1 hit (close $67,056.25)",9
306,SHORT,2026-04-03 08:40,2026-04-03 10:50,66934.65,66869.66,0.0971,1.94,130.0,L1,"SL L1 hit (close $66,845.00)",9
307,LONG,2026-04-03 11:00,2026-04-03 12:25,66890.46,67115.99,0.3372,6.73,85.0,L1,"SL L1 hit (close $66,956.77)",10
308,SHORT,2026-04-03 12:55,2026-04-03 14:00,66722.16,66717.91,0.0064,0.13,65.0,L1,EMA new up line (2 bars),12
309,LONG,2026-04-03 14:10,2026-04-03 15:40,66785.76,66859.48,0.1104,2.20,90.0,L1,EMA new down line (2 bars),8
310,SHORT,2026-04-03 15:55,2026-04-03 16:25,66827.15,66993.14,-0.2484,-4.96,30.0,L1,EMA new up line (3 bars),9
311,LONG,2026-04-03 16:35,2026-04-03 17:15,66952.31,66806.16,-0.2183,-4.36,40.0,L1,"SL L1 hit (close $66,964.01)",9
312,SHORT,2026-04-03 17:25,2026-04-03 18:20,66880.80,66928.35,-0.0711,-1.42,55.0,L1,"SL L1 hit (close $66,911.65)",8
313,SHORT,2026-04-03 18:45,2026-04-03 19:40,66833.00,66857.67,-0.0369,-0.74,55.0,L1,"SL L1 hit (close $66,818.72)",8
314,LONG,2026-04-04 07:15,2026-04-04 07:35,66971.31,66973.35,0.0030,0.06,20.0,L1,EMA new down line (4 bars),6
315,LONG,2026-04-04 10:50,2026-04-04 11:30,67162.75,67105.79,-0.0848,-1.69,40.0,L1,EMA new down line (3 bars),14
316,LONG,2026-04-04 11:55,2026-04-04 12:20,67156.93,67129.71,-0.0405,-0.81,25.0,L1,EMA new down line (3 bars),7
317,LONG,2026-04-04 14:05,2026-04-04 14:35,67215.95,67077.28,-0.2063,-4.12,30.0,L1,"SL L1 hit (close $67,169.83)",12
318,SHORT,2026-04-04 14:45,2026-04-04 15:10,67138.74,67383.16,-0.3641,-7.27,25.0,L1,EMA new up line (3 bars),7
319,LONG,2026-04-04 15:20,2026-04-04 17:00,67359.45,67324.31,-0.0522,-1.04,100.0,L1,"SL L1 hit (close $67,366.68)",12
320,SHORT,2026-04-04 17:20,2026-04-04 18:20,67394.08,67363.92,0.0448,0.89,60.0,L1,"SL L1 hit (close $67,354.61)",7
321,LONG,2026-04-05 04:35,2026-04-05 04:55,67154.64,67101.65,-0.0789,-1.58,20.0,L1,EMA new down line (3 bars),6
322,SHORT,2026-04-05 06:00,2026-04-05 06:50,66937.04,66829.90,0.1601,3.20,50.0,L1,EMA new up line (2 bars),12
323,SHORT,2026-04-05 07:25,2026-04-05 08:00,66816.96,66854.83,-0.0567,-1.13,35.0,L1,"SL L1 hit (close $66,820.64)",7
324,LONG,2026-04-05 08:10,2026-04-05 10:15,66862.19,66968.98,0.1597,3.19,125.0,L1,"SL L1 hit (close $66,975.67)",8
325,LONG,2026-04-05 10:45,2026-04-05 11:30,67043.00,67016.58,-0.0394,-0.79,45.0,L1,"SL L1 hit (close $67,010.16)",8
326,SHORT,2026-04-05 12:10,2026-04-05 13:05,66905.95,66814.85,0.1362,2.72,55.0,L1,"SL L1 hit (close $66,852.28)",13
327,LONG,2026-04-05 14:05,2026-04-05 15:05,66924.90,66927.92,0.0045,0.09,60.0,L1,"SL L1 hit (close $66,886.84)",11
328,LONG,2026-04-05 15:35,2026-04-05 16:50,67401.01,67194.25,-0.3068,-6.13,75.0,L1,"SL L1 hit (close $67,216.00)",12
329,SHORT,2026-04-05 17:00,2026-04-05 17:30,67220.00,67310.33,-0.1344,-2.68,30.0,L1,"SL L1 hit (close $67,339.55)",8
330,LONG,2026-04-05 17:55,2026-04-05 18:15,67373.64,67281.39,-0.1369,-2.73,20.0,L1,EMA new down line (3 bars),13
331,SHORT,2026-04-05 18:30,2026-04-05 18:50,67417.49,67405.65,0.0176,0.35,20.0,L1,EMA new up line (4 bars),6
332,LONG,2026-04-06 05:05,2026-04-06 05:50,69182.32,69200.58,0.0264,0.53,45.0,L1,"SL L1 hit (close $69,154.83)",11
333,SHORT,2026-04-06 06:25,2026-04-06 07:20,68844.90,69086.29,-0.3506,-7.00,55.0,L1,"SL L1 hit (close $68,991.71)",10
334,LONG,2026-04-06 07:30,2026-04-06 09:55,68992.02,69728.00,1.0668,21.30,145.0,L3,"SL L3 hit (close $69,709.42)",6
335,LONG,2026-04-06 10:25,2026-04-06 10:55,69769.82,69770.88,0.0015,0.03,30.0,L1,"SL L1 hit (close $69,741.70)",6
336,SHORT,2026-04-06 11:05,2026-04-06 13:15,69756.94,69339.34,0.5987,11.96,130.0,L1,End of backtest,6
